{"cameraMode":{"drawMode":0,"name":"Shaded","section":"Shading Mode"},"sceneLighting":true,"audioPlay":false,"sceneViewState":{"m_AlwaysRefresh":false,"showFog":true,"showSkybox":true,"showFlares":true,"showImageEffects":true,"showParticleSystems":true,"showVisualEffectGraphs":true,"m_FxEnabled":true},"in2DMode":false,"pivot":{"x":97.9825439453125,"y":-7.721490859985352,"z":106.43363952636719},"rotation":{"x":0.03125068172812462,"y":0.3315177261829376,"z":-0.010596907697618008,"w":0.9429736137390137},"size":125.04085540771485,"orthographic":false}