{"cameraMode":{"drawMode":0,"name":"Shaded","section":"Shading Mode"},"sceneLighting":true,"audioPlay":false,"sceneViewState":{"m_AlwaysRefresh":false,"showFog":true,"showSkybox":true,"showFlares":true,"showImageEffects":true,"showParticleSystems":true,"showVisualEffectGraphs":true,"m_FxEnabled":true},"in2DMode":false,"pivot":{"x":-58.31816864013672,"y":-0.5444412231445313,"z":-91.18315124511719},"rotation":{"x":0.4197792708873749,"y":-0.03266401216387749,"z":0.015119032002985478,"w":0.9069154858589172},"size":11.510790824890137,"orthographic":false}