{"cameraMode":{"drawMode":0,"name":"Shaded","section":"Shading Mode"},"sceneLighting":true,"audioPlay":false,"sceneViewState":{"m_AlwaysRefresh":false,"showFog":true,"showSkybox":true,"showFlares":true,"showImageEffects":true,"showParticleSystems":true,"showVisualEffectGraphs":true,"m_FxEnabled":true},"in2DMode":false,"pivot":{"x":-16.086881637573243,"y":2.8126044273376467,"z":-47.014068603515628},"rotation":{"x":-0.3752158582210541,"y":0.03390609100461006,"z":-0.013737233355641365,"w":-0.9262199401855469},"size":6.533693790435791,"orthographic":false}