{"cameraMode":{"drawMode":0,"name":"Shaded","section":"Shading Mode"},"sceneLighting":true,"audioPlay":false,"sceneViewState":{"m_AlwaysRefresh":false,"showFog":true,"showSkybox":true,"showFlares":true,"showImageEffects":true,"showParticleSystems":true,"showVisualEffectGraphs":true,"m_FxEnabled":true},"in2DMode":false,"pivot":{"x":-54.237850189208987,"y":6.907073020935059,"z":-101.3502197265625},"rotation":{"x":-0.011162404902279377,"y":0.9520493745803833,"z":-0.3039311170578003,"w":-0.036069415509700778},"size":7.492458343505859,"orthographic":false}